{
    "name": "first-network-org1",
    "version": "1.0.0",
    "client": {
        "organization": "Org1",
        "connection": {
            "timeout": {
                "peer": {
                    "endorser": "300"
                }
            }
        }
    },
    "organizations": {
        "Org1": {
            "mspid": "Org1MSP",
            "peers": [
                "peer0.org1.example.com",
                "peer1.org1.example.com"
            ],
            "certificateAuthorities": [
                "ca.org1.example.com"
            ]
        }
    },
    "peers": {
        "peer0.org1.example.com": {
            "url": "grpcs://localhost:7051",
            "tlsCACerts": {
                "path": "crypto-config/peerOrganizations/org1.example.com/tlsca/tlsca.org1.example.com-cert.pem"
            },
            "grpcOptions": {
                "ssl-target-name-override": "peer0.org1.example.com"
            }
        },
        "peer1.org1.example.com": {
            "url": "grpcs://localhost:8051",
            "tlsCACerts": {
                "path": "crypto-config/peerOrganizations/org1.example.com/tlsca/tlsca.org1.example.com-cert.pem"
            },
            "grpcOptions": {
                "ssl-target-name-override": "peer1.org1.example.com"
            }
        }
    },
    "certificateAuthorities": {
        "ca.org1.example.com": {
            "url": "https://localhost:7054",
            "caName": "ca-org1",
            "tlsCACerts": {
                "path": "crypto-config/peerOrganizations/org1.example.com/tlsca/tlsca.org1.example.com-cert.pem"
            },
            "httpOptions": {
                "verify": false
            }
        }
    }
}
